Epoch end timestamp,Packets processed this epoch,Total packets processed
1723438810, 1506490, 1506490
Flow key,Count
("", "202.21.43.188", 0, 0, 0, 0, 0),3952
("", "150.124.181.229", 0, 0, 0, 0, 0),347
("", "203.193.121.80", 0, 0, 0, 0, 0),298
("", "203.193.115.144", 0, 0, 0, 0, 0),237
("", "131.98.137.48", 0, 0, 0, 0, 0),212
("", "150.124.244.56", 0, 0, 0, 0, 0),110
Epoch end timestamp,Packets processed this epoch,Total packets processed
1723438820, 1776667, 3283157
Flow key,Count
("", "202.21.43.188", 0, 0, 0, 0, 0),3835
("", "150.124.156.14", 0, 0, 0, 0, 0),411
("", "150.124.181.229", 0, 0, 0, 0, 0),258
("", "131.98.137.48", 0, 0, 0, 0, 0),217
("", "203.193.121.80", 0, 0, 0, 0, 0),216
("", "203.193.115.144", 0, 0, 0, 0, 0),161
Epoch end timestamp,Packets processed this epoch,Total packets processed
1723438830, 1763964, 5047121
Flow key,Count
("", "202.21.43.188", 0, 0, 0, 0, 0),3543
("", "131.98.137.48", 0, 0, 0, 0, 0),269
("", "150.124.181.229", 0, 0, 0, 0, 0),213
("", "203.193.121.80", 0, 0, 0, 0, 0),165
("", "203.193.115.144", 0, 0, 0, 0, 0),113
Epoch end timestamp,Packets processed this epoch,Total packets processed
1723438840, 1348684, 6395805
Flow key,Count
("", "202.21.43.188", 0, 0, 0, 0, 0),4375
("", "150.124.156.14", 0, 0, 0, 0, 0),424
("", "131.98.137.48", 0, 0, 0, 0, 0),250
("", "150.124.181.229", 0, 0, 0, 0, 0),210
("", "203.193.121.80", 0, 0, 0, 0, 0),187
("", "203.193.115.144", 0, 0, 0, 0, 0),112
Epoch end timestamp,Packets processed this epoch,Total packets processed
1723438850, 1347275, 7743080
Flow key,Count
("", "202.21.43.188", 0, 0, 0, 0, 0),3645
("", "150.124.156.12", 0, 0, 0, 0, 0),303
("", "131.98.137.48", 0, 0, 0, 0, 0),219
("", "150.124.181.229", 0, 0, 0, 0, 0),160
("", "203.193.121.80", 0, 0, 0, 0, 0),147
("", "203.193.115.144", 0, 0, 0, 0, 0),104
Epoch end timestamp,Packets processed this epoch,Total packets processed
1723438860, 1360673, 9103753
Flow key,Count
("", "202.21.43.188", 0, 0, 0, 0, 0),3533
("", "150.124.156.14", 0, 0, 0, 0, 0),554
("", "150.124.181.229", 0, 0, 0, 0, 0),239
("", "203.193.121.80", 0, 0, 0, 0, 0),206
("", "131.98.137.48", 0, 0, 0, 0, 0),182
("", "203.193.115.144", 0, 0, 0, 0, 0),132
Epoch end timestamp,Packets processed this epoch,Total packets processed
1723438870, 1584092, 10687845
Flow key,Count
("", "202.21.43.188", 0, 0, 0, 0, 0),3978
("", "150.124.181.229", 0, 0, 0, 0, 0),455
("", "203.193.121.80", 0, 0, 0, 0, 0),356
("", "203.193.115.144", 0, 0, 0, 0, 0),313
("", "150.124.156.14", 0, 0, 0, 0, 0),300
("", "131.98.137.48", 0, 0, 0, 0, 0),271
Epoch end timestamp,Packets processed this epoch,Total packets processed
1723438880, 1429692, 12117537
Flow key,Count
("", "202.21.43.188", 0, 0, 0, 0, 0),3829
("", "150.124.181.229", 0, 0, 0, 0, 0),464
("", "203.193.121.80", 0, 0, 0, 0, 0),405
("", "203.193.115.144", 0, 0, 0, 0, 0),376
("", "131.98.137.48", 0, 0, 0, 0, 0),212
Epoch end timestamp,Packets processed this epoch,Total packets processed
1723438890, 1448288, 13565825
Flow key,Count
("", "202.21.43.188", 0, 0, 0, 0, 0),3651
("", "150.124.181.229", 0, 0, 0, 0, 0),532
("", "203.193.121.80", 0, 0, 0, 0, 0),504
("", "203.193.115.144", 0, 0, 0, 0, 0),443
("", "150.124.156.14", 0, 0, 0, 0, 0),425
("", "131.98.137.48", 0, 0, 0, 0, 0),223
Epoch end timestamp,Packets processed this epoch,Total packets processed
1723438900, 1523742, 15089567
Flow key,Count
("", "202.21.43.188", 0, 0, 0, 0, 0),3936
("", "150.124.181.229", 0, 0, 0, 0, 0),527
("", "203.193.121.80", 0, 0, 0, 0, 0),475
("", "203.193.115.144", 0, 0, 0, 0, 0),453
("", "150.124.156.14", 0, 0, 0, 0, 0),439
("", "131.98.137.48", 0, 0, 0, 0, 0),256
("", "202.215.83.244", 0, 0, 0, 0, 0),102
Epoch end timestamp,Packets processed this epoch,Total packets processed
1723438910, 1559574, 16649141
Flow key,Count
("", "202.21.43.188", 0, 0, 0, 0, 0),3973
("", "150.124.181.229", 0, 0, 0, 0, 0),532
("", "203.193.121.80", 0, 0, 0, 0, 0),467
("", "203.193.115.144", 0, 0, 0, 0, 0),423
("", "150.124.156.12", 0, 0, 0, 0, 0),309
("", "131.98.137.48", 0, 0, 0, 0, 0),226
Epoch end timestamp,Packets processed this epoch,Total packets processed
1723438920, 1560502, 18209643
Flow key,Count
("", "202.21.43.188", 0, 0, 0, 0, 0),3366
("", "150.124.181.229", 0, 0, 0, 0, 0),531
("", "150.124.156.14", 0, 0, 0, 0, 0),441
("", "203.193.121.80", 0, 0, 0, 0, 0),435
("", "203.193.115.144", 0, 0, 0, 0, 0),380
("", "131.98.137.48", 0, 0, 0, 0, 0),187
Epoch end timestamp,Packets processed this epoch,Total packets processed
1723438930, 1445053, 19654696
Flow key,Count
("", "202.21.43.188", 0, 0, 0, 0, 0),4347
("", "150.124.181.229", 0, 0, 0, 0, 0),512
("", "203.193.121.80", 0, 0, 0, 0, 0),415
("", "203.193.115.144", 0, 0, 0, 0, 0),358
("", "131.98.137.48", 0, 0, 0, 0, 0),231
Epoch end timestamp,Packets processed this epoch,Total packets processed
1723438940, 1410673, 21065369
Flow key,Count
("", "202.21.43.188", 0, 0, 0, 0, 0),4279
("", "150.124.181.229", 0, 0, 0, 0, 0),561
("", "203.193.121.80", 0, 0, 0, 0, 0),498
("", "203.193.115.144", 0, 0, 0, 0, 0),450
("", "150.124.156.14", 0, 0, 0, 0, 0),386
("", "131.98.137.48", 0, 0, 0, 0, 0),225
Epoch end timestamp,Packets processed this epoch,Total packets processed
1723438950, 1442069, 22507438
Flow key,Count
("", "202.21.43.188", 0, 0, 0, 0, 0),3930
("", "150.124.181.229", 0, 0, 0, 0, 0),643
("", "203.193.121.80", 0, 0, 0, 0, 0),630
("", "203.193.115.144", 0, 0, 0, 0, 0),555
("", "131.98.137.48", 0, 0, 0, 0, 0),228
Epoch end timestamp,Packets processed this epoch,Total packets processed
1723438960, 1391241, 23898679
Flow key,Count
("", "202.21.43.188", 0, 0, 0, 0, 0),4171
("", "150.124.156.14", 0, 0, 0, 0, 0),724
("", "203.193.121.80", 0, 0, 0, 0, 0),368
("", "150.124.181.229", 0, 0, 0, 0, 0),328
("", "203.193.115.144", 0, 0, 0, 0, 0),315
("", "131.98.137.48", 0, 0, 0, 0, 0),269
("", "150.124.244.56", 0, 0, 0, 0, 0),141
Epoch end timestamp,Packets processed this epoch,Total packets processed
1723438970, 1326386, 25225065
Flow key,Count
("", "202.21.43.188", 0, 0, 0, 0, 0),4172
("", "150.124.156.12", 0, 0, 0, 0, 0),334
("", "203.193.121.80", 0, 0, 0, 0, 0),286
("", "150.124.181.229", 0, 0, 0, 0, 0),246
("", "203.193.115.144", 0, 0, 0, 0, 0),244
("", "131.98.137.48", 0, 0, 0, 0, 0),241
("", "150.124.156.14", 0, 0, 0, 0, 0),188
Epoch end timestamp,Packets processed this epoch,Total packets processed
1723438980, 1465178, 26690243
Flow key,Count
("", "202.21.43.188", 0, 0, 0, 0, 0),3683
("", "203.193.121.80", 0, 0, 0, 0, 0),700
("", "203.193.115.144", 0, 0, 0, 0, 0),652
("", "150.124.181.229", 0, 0, 0, 0, 0),524
("", "150.124.156.12", 0, 0, 0, 0, 0),335
("", "131.98.137.48", 0, 0, 0, 0, 0),221
("", "150.124.156.14", 0, 0, 0, 0, 0),195
("", "150.124.244.56", 0, 0, 0, 0, 0),156
Epoch end timestamp,Packets processed this epoch,Total packets processed
1723438990, 1467289, 28157532
Flow key,Count
("", "202.21.43.188", 0, 0, 0, 0, 0),4368
("", "203.193.121.80", 0, 0, 0, 0, 0),432
("", "203.193.115.144", 0, 0, 0, 0, 0),391
("", "150.124.181.229", 0, 0, 0, 0, 0),346
("", "131.98.137.48", 0, 0, 0, 0, 0),219
("", "150.124.156.14", 0, 0, 0, 0, 0),208
Epoch end timestamp,Packets processed this epoch,Total packets processed
1723439000, 1433193, 29590725
Flow key,Count
("", "202.21.43.188", 0, 0, 0, 0, 0),3830
("", "203.193.121.80", 0, 0, 0, 0, 0),511
("", "203.193.115.144", 0, 0, 0, 0, 0),476
("", "150.124.156.14", 0, 0, 0, 0, 0),458
("", "150.124.181.229", 0, 0, 0, 0, 0),438
("", "131.98.137.48", 0, 0, 0, 0, 0),203
Epoch end timestamp,Packets processed this epoch,Total packets processed
1723439010, 1490986, 31081711
Flow key,Count
("", "202.21.43.188", 0, 0, 0, 0, 0),3741
("", "203.193.121.80", 0, 0, 0, 0, 0),522
("", "150.124.181.229", 0, 0, 0, 0, 0),458
("", "203.193.115.144", 0, 0, 0, 0, 0),440
("", "131.98.137.48", 0, 0, 0, 0, 0),222
Epoch end timestamp,Packets processed this epoch,Total packets processed
1723439020, 1510459, 32592170
Flow key,Count
("", "202.21.43.188", 0, 0, 0, 0, 0),4566
("", "150.124.156.14", 0, 0, 0, 0, 0),474
("", "203.193.121.80", 0, 0, 0, 0, 0),404
("", "150.124.181.229", 0, 0, 0, 0, 0),360
("", "203.193.115.144", 0, 0, 0, 0, 0),353
("", "131.98.137.48", 0, 0, 0, 0, 0),283
Epoch end timestamp,Packets processed this epoch,Total packets processed
1723439030, 1387751, 33979921
Flow key,Count
("", "202.21.43.188", 0, 0, 0, 0, 0),4344
("", "150.124.181.229", 0, 0, 0, 0, 0),487
("", "203.193.121.80", 0, 0, 0, 0, 0),450
("", "203.193.115.144", 0, 0, 0, 0, 0),403
("", "150.124.156.12", 0, 0, 0, 0, 0),325
("", "131.98.137.48", 0, 0, 0, 0, 0),241
Epoch end timestamp,Packets processed this epoch,Total packets processed
1723439040, 1379273, 35359194
Flow key,Count
("", "202.21.43.188", 0, 0, 0, 0, 0),3836
("", "150.124.181.229", 0, 0, 0, 0, 0),539
("", "203.193.121.80", 0, 0, 0, 0, 0),524
("", "203.193.115.144", 0, 0, 0, 0, 0),449
("", "150.124.156.14", 0, 0, 0, 0, 0),334
("", "131.98.137.48", 0, 0, 0, 0, 0),190
Epoch end timestamp,Packets processed this epoch,Total packets processed
1723439050, 1488837, 36848031
Flow key,Count
("", "202.21.43.188", 0, 0, 0, 0, 0),4017
("", "150.124.181.229", 0, 0, 0, 0, 0),497
("", "203.193.121.80", 0, 0, 0, 0, 0),479
("", "203.193.115.144", 0, 0, 0, 0, 0),410
("", "131.98.137.48", 0, 0, 0, 0, 0),238
Epoch end timestamp,Packets processed this epoch,Total packets processed
1723439060, 1399641, 38247672
Flow key,Count
("", "202.21.43.188", 0, 0, 0, 0, 0),4456
("", "150.124.156.14", 0, 0, 0, 0, 0),756
("", "150.124.181.229", 0, 0, 0, 0, 0),556
("", "203.193.121.80", 0, 0, 0, 0, 0),446
("", "203.193.115.144", 0, 0, 0, 0, 0),401
("", "131.98.137.48", 0, 0, 0, 0, 0),246
Epoch end timestamp,Packets processed this epoch,Total packets processed
1723439070, 1380549, 39628221
Flow key,Count
("", "202.21.43.188", 0, 0, 0, 0, 0),4119
("", "150.124.181.229", 0, 0, 0, 0, 0),556
("", "203.193.121.80", 0, 0, 0, 0, 0),510
("", "203.193.115.144", 0, 0, 0, 0, 0),425
("", "131.98.137.48", 0, 0, 0, 0, 0),236
Epoch end timestamp,Packets processed this epoch,Total packets processed
1723439080, 1398958, 41027179
Flow key,Count
("", "202.21.43.188", 0, 0, 0, 0, 0),4440
("", "150.124.181.229", 0, 0, 0, 0, 0),601
("", "203.193.121.80", 0, 0, 0, 0, 0),410
("", "203.193.115.144", 0, 0, 0, 0, 0),369
("", "150.124.156.14", 0, 0, 0, 0, 0),342
("", "131.98.137.48", 0, 0, 0, 0, 0),197
Epoch end timestamp,Packets processed this epoch,Total packets processed
1723439090, 1477322, 42504501
Flow key,Count
("", "202.21.43.188", 0, 0, 0, 0, 0),4216
("", "150.124.181.229", 0, 0, 0, 0, 0),563
("", "203.193.121.80", 0, 0, 0, 0, 0),463
("", "203.193.115.144", 0, 0, 0, 0, 0),398
("", "150.124.156.12", 0, 0, 0, 0, 0),334
("", "131.98.137.48", 0, 0, 0, 0, 0),256
Epoch end timestamp,Packets processed this epoch,Total packets processed
1723439100, 1441116, 43945617
Flow key,Count
("", "202.21.43.188", 0, 0, 0, 0, 0),4165
("", "150.124.181.229", 0, 0, 0, 0, 0),568
("", "150.124.156.14", 0, 0, 0, 0, 0),492
("", "203.193.121.80", 0, 0, 0, 0, 0),430
("", "203.193.115.144", 0, 0, 0, 0, 0),369
("", "131.98.137.48", 0, 0, 0, 0, 0),189
Epoch end timestamp,Packets processed this epoch,Total packets processed
1723439110, 1496372, 45441989
Flow key,Count
("", "202.21.43.188", 0, 0, 0, 0, 0),4290
("", "150.124.181.229", 0, 0, 0, 0, 0),573
("", "203.193.121.80", 0, 0, 0, 0, 0),442
("", "203.193.115.144", 0, 0, 0, 0, 0),434
("", "131.98.137.48", 0, 0, 0, 0, 0),233
Epoch end timestamp,Packets processed this epoch,Total packets processed
1723439120, 1613517, 47055506
Flow key,Count
("", "202.21.43.188", 0, 0, 0, 0, 0),4344
("", "150.124.181.229", 0, 0, 0, 0, 0),508
("", "150.124.156.14", 0, 0, 0, 0, 0),495
("", "203.193.121.80", 0, 0, 0, 0, 0),466
("", "203.193.115.144", 0, 0, 0, 0, 0),380
("", "131.98.137.48", 0, 0, 0, 0, 0),175
("", "202.215.83.244", 0, 0, 0, 0, 0),108
Epoch end timestamp,Packets processed this epoch,Total packets processed
1723439130, 1583631, 48639137
Flow key,Count
("", "202.21.43.188", 0, 0, 0, 0, 0),4287
("", "150.124.181.229", 0, 0, 0, 0, 0),624
("", "203.193.121.80", 0, 0, 0, 0, 0),554
("", "203.193.115.144", 0, 0, 0, 0, 0),450
("", "131.98.137.48", 0, 0, 0, 0, 0),246
("", "150.124.156.14", 0, 0, 0, 0, 0),214
("", "202.215.83.244", 0, 0, 0, 0, 0),145
Epoch end timestamp,Packets processed this epoch,Total packets processed
1723439140, 1470871, 50110008
Flow key,Count
("", "202.21.43.188", 0, 0, 0, 0, 0),4323
("", "150.124.181.229", 0, 0, 0, 0, 0),507
("", "203.193.121.80", 0, 0, 0, 0, 0),502
("", "203.193.115.144", 0, 0, 0, 0, 0),425
("", "131.98.137.48", 0, 0, 0, 0, 0),244
("", "150.124.156.14", 0, 0, 0, 0, 0),202
("", "202.215.83.244", 0, 0, 0, 0, 0),163
("", "202.215.76.58", 0, 0, 0, 0, 0),134
Epoch end timestamp,Packets processed this epoch,Total packets processed
1723439150, 1418171, 51528179
Flow key,Count
("", "202.21.43.188", 0, 0, 0, 0, 0),4019
("", "203.193.121.80", 0, 0, 0, 0, 0),524
("", "150.124.181.229", 0, 0, 0, 0, 0),516
("", "203.193.115.144", 0, 0, 0, 0, 0),448
("", "150.124.156.12", 0, 0, 0, 0, 0),325
("", "131.98.137.48", 0, 0, 0, 0, 0),231
("", "150.124.156.14", 0, 0, 0, 0, 0),214
("", "202.215.83.244", 0, 0, 0, 0, 0),165
("", "202.215.76.58", 0, 0, 0, 0, 0),123
Epoch end timestamp,Packets processed this epoch,Total packets processed
1723439160, 1495153, 53023332
Flow key,Count
("", "202.21.43.188", 0, 0, 0, 0, 0),3884
("", "203.193.121.80", 0, 0, 0, 0, 0),499
("", "150.124.181.229", 0, 0, 0, 0, 0),494
("", "150.124.156.14", 0, 0, 0, 0, 0),480
("", "203.193.115.144", 0, 0, 0, 0, 0),431
("", "131.98.137.48", 0, 0, 0, 0, 0),243
("", "202.215.83.244", 0, 0, 0, 0, 0),132
("", "202.215.76.58", 0, 0, 0, 0, 0),115
Epoch end timestamp,Packets processed this epoch,Total packets processed
1723439170, 1493755, 54517087
Flow key,Count
("", "202.21.43.188", 0, 0, 0, 0, 0),4573
("", "150.124.181.229", 0, 0, 0, 0, 0),518
("", "203.193.121.80", 0, 0, 0, 0, 0),455
("", "203.193.115.144", 0, 0, 0, 0, 0),405
("", "131.98.137.48", 0, 0, 0, 0, 0),201
("", "202.215.83.244", 0, 0, 0, 0, 0),112
Epoch end timestamp,Packets processed this epoch,Total packets processed
1723439180, 1378406, 55895493
Flow key,Count
("", "202.21.43.188", 0, 0, 0, 0, 0),4293
("", "150.124.156.14", 0, 0, 0, 0, 0),506
("", "203.193.121.80", 0, 0, 0, 0, 0),419
("", "150.124.181.229", 0, 0, 0, 0, 0),375
("", "203.193.115.144", 0, 0, 0, 0, 0),369
("", "131.98.137.48", 0, 0, 0, 0, 0),191
("", "202.215.83.244", 0, 0, 0, 0, 0),101
Epoch end timestamp,Packets processed this epoch,Total packets processed
1723439190, 1454297, 57349790
Flow key,Count
("", "202.21.43.188", 0, 0, 0, 0, 0),3767
("", "203.193.121.80", 0, 0, 0, 0, 0),487
("", "150.124.181.229", 0, 0, 0, 0, 0),470
("", "203.193.115.144", 0, 0, 0, 0, 0),407
("", "131.98.137.48", 0, 0, 0, 0, 0),248
("", "31.242.205.205", 0, 0, 0, 0, 0),234
Epoch end timestamp,Packets processed this epoch,Total packets processed
1723439200, 1479168, 58828958
Flow key,Count
("", "202.21.43.188", 0, 0, 0, 0, 0),4263
("", "203.193.121.80", 0, 0, 0, 0, 0),516
("", "150.124.156.14", 0, 0, 0, 0, 0),511
("", "150.124.181.229", 0, 0, 0, 0, 0),495
("", "203.193.115.144", 0, 0, 0, 0, 0),453
("", "131.98.137.48", 0, 0, 0, 0, 0),218
Epoch end timestamp,Packets processed this epoch,Total packets processed
1723439210, 1504866, 60333824
Flow key,Count
("", "202.21.43.188", 0, 0, 0, 0, 0),3877
("", "150.124.181.229", 0, 0, 0, 0, 0),529
("", "203.193.121.80", 0, 0, 0, 0, 0),498
("", "203.193.115.144", 0, 0, 0, 0, 0),441
("", "150.124.156.12", 0, 0, 0, 0, 0),332
("", "131.98.137.48", 0, 0, 0, 0, 0),218
Epoch end timestamp,Packets processed this epoch,Total packets processed
1723439220, 1446113, 61779937
Flow key,Count
("", "202.21.43.188", 0, 0, 0, 0, 0),4284
("", "150.124.156.14", 0, 0, 0, 0, 0),512
("", "150.124.181.229", 0, 0, 0, 0, 0),472
("", "203.193.121.80", 0, 0, 0, 0, 0),429
("", "203.193.115.144", 0, 0, 0, 0, 0),386
("", "131.98.137.48", 0, 0, 0, 0, 0),238
("", "150.124.112.108", 0, 0, 0, 0, 0),121
Epoch end timestamp,Packets processed this epoch,Total packets processed
1723439230, 1512002, 63291939
Flow key,Count
("", "202.21.43.188", 0, 0, 0, 0, 0),4221
("", "150.124.156.14", 0, 0, 0, 0, 0),523
("", "150.124.181.229", 0, 0, 0, 0, 0),522
("", "203.193.121.80", 0, 0, 0, 0, 0),467
("", "203.193.115.144", 0, 0, 0, 0, 0),411
("", "131.98.137.48", 0, 0, 0, 0, 0),233
("", "202.215.86.233", 0, 0, 0, 0, 0),169
Epoch end timestamp,Packets processed this epoch,Total packets processed
1723439240, 1554842, 64846781
Flow key,Count
("", "202.21.43.188", 0, 0, 0, 0, 0),4510
("", "150.124.181.229", 0, 0, 0, 0, 0),537
("", "203.193.121.80", 0, 0, 0, 0, 0),464
("", "203.193.115.144", 0, 0, 0, 0, 0),385
("", "163.19.46.47", 0, 0, 0, 0, 0),204
("", "131.98.137.48", 0, 0, 0, 0, 0),154
Epoch end timestamp,Packets processed this epoch,Total packets processed
1723439250, 1524225, 66371006
Flow key,Count
("", "202.21.43.188", 0, 0, 0, 0, 0),3826
("", "150.124.181.229", 0, 0, 0, 0, 0),559
("", "150.124.156.14", 0, 0, 0, 0, 0),536
("", "203.193.121.80", 0, 0, 0, 0, 0),492
("", "203.193.115.144", 0, 0, 0, 0, 0),424
("", "131.98.137.48", 0, 0, 0, 0, 0),217
Epoch end timestamp,Packets processed this epoch,Total packets processed
1723439260, 1556014, 67927020
Flow key,Count
("", "202.21.43.188", 0, 0, 0, 0, 0),4090
("", "150.124.181.229", 0, 0, 0, 0, 0),597
("", "203.193.121.80", 0, 0, 0, 0, 0),539
("", "203.193.115.144", 0, 0, 0, 0, 0),469
("", "150.124.156.12", 0, 0, 0, 0, 0),342
("", "150.124.156.14", 0, 0, 0, 0, 0),262
("", "131.98.137.48", 0, 0, 0, 0, 0),208
Epoch end timestamp,Packets processed this epoch,Total packets processed
1723439270, 1713538, 69640558
Flow key,Count
("", "202.21.43.188", 0, 0, 0, 0, 0),4261
("", "150.124.181.229", 0, 0, 0, 0, 0),507
("", "203.193.121.80", 0, 0, 0, 0, 0),498
("", "203.193.115.144", 0, 0, 0, 0, 0),459
("", "150.124.156.12", 0, 0, 0, 0, 0),342
("", "131.98.137.48", 0, 0, 0, 0, 0),188
Epoch end timestamp,Packets processed this epoch,Total packets processed
1723439269, 1, 69640559
Flow key,Count
No entries exceeded the threshold.
Epoch end timestamp,Packets processed this epoch,Total packets processed
1723439279, 1537276, 71177835
Flow key,Count
("", "202.21.43.188", 0, 0, 0, 0, 0),3411
("", "150.124.156.14", 0, 0, 0, 0, 0),531
("", "150.124.181.229", 0, 0, 0, 0, 0),417
("", "203.193.121.80", 0, 0, 0, 0, 0),386
("", "203.193.115.144", 0, 0, 0, 0, 0),347
("", "131.98.137.48", 0, 0, 0, 0, 0),158
Epoch end timestamp,Packets processed this epoch,Total packets processed
1723439289, 1544392, 72722227
Flow key,Count
("", "202.21.43.188", 0, 0, 0, 0, 0),4116
("", "150.124.181.229", 0, 0, 0, 0, 0),477
("", "203.193.121.80", 0, 0, 0, 0, 0),425
("", "203.193.115.144", 0, 0, 0, 0, 0),381
("", "131.98.137.48", 0, 0, 0, 0, 0),238
Epoch end timestamp,Packets processed this epoch,Total packets processed
1723439299, 1458900, 74181127
Flow key,Count
("", "202.21.43.188", 0, 0, 0, 0, 0),4396
("", "150.124.156.14", 0, 0, 0, 0, 0),540
("", "150.124.181.229", 0, 0, 0, 0, 0),486
("", "203.193.121.80", 0, 0, 0, 0, 0),447
("", "203.193.115.144", 0, 0, 0, 0, 0),396
("", "131.98.137.48", 0, 0, 0, 0, 0),202
("", "202.215.83.244", 0, 0, 0, 0, 0),124
Epoch end timestamp,Packets processed this epoch,Total packets processed
1723439309, 1600954, 75782081
Flow key,Count
("", "202.21.43.188", 0, 0, 0, 0, 0),3867
("", "150.124.181.229", 0, 0, 0, 0, 0),580
("", "203.193.121.80", 0, 0, 0, 0, 0),459
("", "203.193.115.144", 0, 0, 0, 0, 0),445
("", "131.98.137.48", 0, 0, 0, 0, 0),220
("", "202.215.83.244", 0, 0, 0, 0, 0),136
Epoch end timestamp,Packets processed this epoch,Total packets processed
1723439319, 1606625, 77388706
Flow key,Count
("", "202.21.43.188", 0, 0, 0, 0, 0),4409
("", "150.124.156.14", 0, 0, 0, 0, 0),553
("", "150.124.181.229", 0, 0, 0, 0, 0),535
("", "203.193.121.80", 0, 0, 0, 0, 0),449
("", "203.193.115.144", 0, 0, 0, 0, 0),385
("", "150.124.156.12", 0, 0, 0, 0, 0),351
("", "131.98.137.48", 0, 0, 0, 0, 0),206
("", "202.215.83.244", 0, 0, 0, 0, 0),104
Epoch end timestamp,Packets processed this epoch,Total packets processed
1723439329, 1638671, 79027377
Flow key,Count
("", "202.21.43.188", 0, 0, 0, 0, 0),3902
("", "150.124.181.229", 0, 0, 0, 0, 0),611
("", "150.124.156.14", 0, 0, 0, 0, 0),557
("", "203.193.121.80", 0, 0, 0, 0, 0),511
("", "203.193.115.144", 0, 0, 0, 0, 0),462
("", "150.124.156.12", 0, 0, 0, 0, 0),344
("", "131.98.137.48", 0, 0, 0, 0, 0),247
("", "202.215.83.244", 0, 0, 0, 0, 0),132
Epoch end timestamp,Packets processed this epoch,Total packets processed
1723439339, 1571683, 80599060
Flow key,Count
("", "202.21.43.188", 0, 0, 0, 0, 0),3981
("", "150.124.181.229", 0, 0, 0, 0, 0),456
("", "203.193.121.80", 0, 0, 0, 0, 0),430
("", "203.193.115.144", 0, 0, 0, 0, 0),383
("", "131.98.137.48", 0, 0, 0, 0, 0),192
("", "202.215.83.244", 0, 0, 0, 0, 0),145
Epoch end timestamp,Packets processed this epoch,Total packets processed
1723439349, 1614819, 82213879
Flow key,Count
("", "202.21.43.188", 0, 0, 0, 0, 0),4242
("", "150.124.156.14", 0, 0, 0, 0, 0),557
("", "203.193.121.80", 0, 0, 0, 0, 0),474
("", "150.124.181.229", 0, 0, 0, 0, 0),464
("", "203.193.115.144", 0, 0, 0, 0, 0),382
("", "131.98.137.48", 0, 0, 0, 0, 0),202
Epoch end timestamp,Packets processed this epoch,Total packets processed
1723439359, 1532999, 83746878
Flow key,Count
("", "202.21.43.188", 0, 0, 0, 0, 0),3612
("", "150.124.156.14", 0, 0, 0, 0, 0),560
("", "150.124.181.229", 0, 0, 0, 0, 0),409
("", "203.193.121.80", 0, 0, 0, 0, 0),405
("", "203.193.115.144", 0, 0, 0, 0, 0),332
("", "131.98.137.48", 0, 0, 0, 0, 0),232
Epoch end timestamp,Packets processed this epoch,Total packets processed
1723439369, 1535066, 85281944
Flow key,Count
("", "202.21.43.188", 0, 0, 0, 0, 0),3589
("", "150.124.181.229", 0, 0, 0, 0, 0),412
("", "203.193.121.80", 0, 0, 0, 0, 0),347
("", "203.193.115.144", 0, 0, 0, 0, 0),286
("", "131.98.137.48", 0, 0, 0, 0, 0),223
Epoch end timestamp,Packets processed this epoch,Total packets processed
1723439379, 1587211, 86869155
Flow key,Count
("", "202.21.43.188", 0, 0, 0, 0, 0),4368
("", "150.124.156.14", 0, 0, 0, 0, 0),562
("", "150.124.181.229", 0, 0, 0, 0, 0),500
("", "203.193.121.80", 0, 0, 0, 0, 0),476
("", "203.193.115.144", 0, 0, 0, 0, 0),409
("", "150.124.156.12", 0, 0, 0, 0, 0),254
("", "131.98.137.48", 0, 0, 0, 0, 0),249
Epoch end timestamp,Packets processed this epoch,Total packets processed
1723439389, 1497458, 88366613
Flow key,Count
("", "202.21.43.188", 0, 0, 0, 0, 0),4144
("", "150.124.181.229", 0, 0, 0, 0, 0),525
("", "150.124.156.12", 0, 0, 0, 0, 0),466
("", "203.193.121.80", 0, 0, 0, 0, 0),440
("", "203.193.115.144", 0, 0, 0, 0, 0),401
("", "131.98.137.48", 0, 0, 0, 0, 0),259
Epoch end timestamp,Packets processed this epoch,Total packets processed
1723439399, 1429937, 89796550
Flow key,Count
("", "202.21.43.188", 0, 0, 0, 0, 0),3936
("", "150.124.181.229", 0, 0, 0, 0, 0),524
("", "203.193.121.80", 0, 0, 0, 0, 0),438
("", "150.124.156.14", 0, 0, 0, 0, 0),405
("", "203.193.115.144", 0, 0, 0, 0, 0),388
("", "131.98.137.48", 0, 0, 0, 0, 0),230
Epoch end timestamp,Packets processed this epoch,Total packets processed
1723439409, 1524038, 91320588
Flow key,Count
("", "202.21.43.188", 0, 0, 0, 0, 0),4224
("", "150.124.181.229", 0, 0, 0, 0, 0),614
("", "203.193.121.80", 0, 0, 0, 0, 0),545
("", "203.193.115.144", 0, 0, 0, 0, 0),452
("", "131.98.137.48", 0, 0, 0, 0, 0),196
Epoch end timestamp,Packets processed this epoch,Total packets processed
1723439419, 1556229, 92876817
Flow key,Count
("", "202.21.43.188", 0, 0, 0, 0, 0),4033
("", "150.124.181.229", 0, 0, 0, 0, 0),578
("", "203.193.121.80", 0, 0, 0, 0, 0),510
("", "203.193.115.144", 0, 0, 0, 0, 0),418
("", "131.98.137.48", 0, 0, 0, 0, 0),263
Epoch end timestamp,Packets processed this epoch,Total packets processed
1723439429, 1543800, 94420617
Flow key,Count
("", "202.21.43.188", 0, 0, 0, 0, 0),3805
("", "150.124.181.229", 0, 0, 0, 0, 0),533
("", "203.193.121.80", 0, 0, 0, 0, 0),460
("", "203.193.115.144", 0, 0, 0, 0, 0),427
("", "131.98.137.48", 0, 0, 0, 0, 0),182
Epoch end timestamp,Packets processed this epoch,Total packets processed
1723439439, 1485201, 95905818
Flow key,Count
("", "202.21.43.188", 0, 0, 0, 0, 0),4109
("", "203.193.121.80", 0, 0, 0, 0, 0),553
("", "150.124.181.229", 0, 0, 0, 0, 0),530
("", "203.193.115.144", 0, 0, 0, 0, 0),480
("", "150.124.172.247", 0, 0, 0, 0, 0),285
("", "131.98.137.48", 0, 0, 0, 0, 0),265
Epoch end timestamp,Packets processed this epoch,Total packets processed
1723439449, 1470346, 97376164
Flow key,Count
("", "202.21.43.188", 0, 0, 0, 0, 0),4060
("", "150.124.181.229", 0, 0, 0, 0, 0),579
("", "203.193.121.80", 0, 0, 0, 0, 0),513
("", "203.193.115.144", 0, 0, 0, 0, 0),467
("", "131.98.137.48", 0, 0, 0, 0, 0),256
("", "202.215.83.244", 0, 0, 0, 0, 0),196
Epoch end timestamp,Packets processed this epoch,Total packets processed
1723439459, 1599914, 98976078
Flow key,Count
("", "202.21.43.188", 0, 0, 0, 0, 0),3839
("", "150.124.181.229", 0, 0, 0, 0, 0),603
("", "203.193.121.80", 0, 0, 0, 0, 0),485
("", "203.193.115.144", 0, 0, 0, 0, 0),410
("", "202.215.83.244", 0, 0, 0, 0, 0),251
("", "131.98.137.48", 0, 0, 0, 0, 0),193
Epoch end timestamp,Packets processed this epoch,Total packets processed
1723439469, 1499660, 100475738
Flow key,Count
("", "202.21.43.188", 0, 0, 0, 0, 0),4262
("", "150.124.181.229", 0, 0, 0, 0, 0),650
("", "203.193.121.80", 0, 0, 0, 0, 0),490
("", "203.193.115.144", 0, 0, 0, 0, 0),433
("", "202.215.83.244", 0, 0, 0, 0, 0),217
("", "131.98.137.48", 0, 0, 0, 0, 0),206
Epoch end timestamp,Packets processed this epoch,Total packets processed
1723439479, 1582902, 102058640
Flow key,Count
("", "202.21.43.188", 0, 0, 0, 0, 0),4305
("", "150.124.181.229", 0, 0, 0, 0, 0),637
("", "203.193.121.80", 0, 0, 0, 0, 0),453
("", "203.193.115.144", 0, 0, 0, 0, 0),377
("", "202.215.83.244", 0, 0, 0, 0, 0),290
("", "131.98.137.48", 0, 0, 0, 0, 0),188
Epoch end timestamp,Packets processed this epoch,Total packets processed
1723439489, 1682192, 103740832
Flow key,Count
("", "202.21.43.188", 0, 0, 0, 0, 0),3917
("", "150.124.181.229", 0, 0, 0, 0, 0),710
("", "203.193.121.80", 0, 0, 0, 0, 0),451
("", "203.193.115.144", 0, 0, 0, 0, 0),397
("", "202.215.83.244", 0, 0, 0, 0, 0),379
("", "131.98.137.48", 0, 0, 0, 0, 0),226
Epoch end timestamp,Packets processed this epoch,Total packets processed
1723439499, 1735024, 105475856
Flow key,Count
("", "202.21.43.188", 0, 0, 0, 0, 0),4298
("", "150.124.181.229", 0, 0, 0, 0, 0),619
("", "203.193.121.80", 0, 0, 0, 0, 0),462
("", "203.193.115.144", 0, 0, 0, 0, 0),439
("", "202.215.83.244", 0, 0, 0, 0, 0),351
("", "131.98.137.48", 0, 0, 0, 0, 0),295
Epoch end timestamp,Packets processed this epoch,Total packets processed
1723439509, 1896157, 107372013
Flow key,Count
("", "202.21.43.188", 0, 0, 0, 0, 0),3982
("", "150.124.181.229", 0, 0, 0, 0, 0),575
("", "203.193.121.80", 0, 0, 0, 0, 0),446
("", "203.193.115.144", 0, 0, 0, 0, 0),378
("", "202.215.83.244", 0, 0, 0, 0, 0),305
("", "131.98.137.48", 0, 0, 0, 0, 0),217
Epoch end timestamp,Packets processed this epoch,Total packets processed
1723439519, 1833177, 109205190
Flow key,Count
("", "202.21.43.188", 0, 0, 0, 0, 0),3546
("", "150.124.181.229", 0, 0, 0, 0, 0),551
("", "203.193.121.80", 0, 0, 0, 0, 0),449
("", "203.193.115.144", 0, 0, 0, 0, 0),414
("", "202.215.83.244", 0, 0, 0, 0, 0),232
("", "131.98.137.48", 0, 0, 0, 0, 0),211
Epoch end timestamp,Packets processed this epoch,Total packets processed
1723439529, 1660370, 110865560
Flow key,Count
("", "202.21.43.188", 0, 0, 0, 0, 0),4019
("", "150.124.181.229", 0, 0, 0, 0, 0),520
("", "203.193.121.80", 0, 0, 0, 0, 0),411
("", "203.193.115.144", 0, 0, 0, 0, 0),384
("", "131.98.137.48", 0, 0, 0, 0, 0),292
("", "202.215.83.244", 0, 0, 0, 0, 0),157
Epoch end timestamp,Packets processed this epoch,Total packets processed
1723439539, 1788402, 112653962
Flow key,Count
("", "202.21.43.188", 0, 0, 0, 0, 0),3703
("", "203.193.121.80", 0, 0, 0, 0, 0),637
("", "150.124.181.229", 0, 0, 0, 0, 0),566
("", "203.193.115.144", 0, 0, 0, 0, 0),371
("", "131.98.137.48", 0, 0, 0, 0, 0),189
Epoch end timestamp,Packets processed this epoch,Total packets processed
1723439549, 1724971, 114378933
Flow key,Count
("", "202.21.43.188", 0, 0, 0, 0, 0),4139
("", "150.124.181.229", 0, 0, 0, 0, 0),843
("", "203.193.121.80", 0, 0, 0, 0, 0),639
("", "203.193.115.144", 0, 0, 0, 0, 0),511
("", "131.98.137.48", 0, 0, 0, 0, 0),185
("", "150.124.244.56", 0, 0, 0, 0, 0),140
Epoch end timestamp,Packets processed this epoch,Total packets processed
1723439559, 1642123, 116021056
Flow key,Count
("", "202.21.43.188", 0, 0, 0, 0, 0),3860
("", "150.124.181.229", 0, 0, 0, 0, 0),609
("", "203.193.121.80", 0, 0, 0, 0, 0),494
("", "203.193.115.144", 0, 0, 0, 0, 0),422
("", "131.98.137.48", 0, 0, 0, 0, 0),232
Epoch end timestamp,Packets processed this epoch,Total packets processed
1723439569, 1614498, 117635554
Flow key,Count
("", "202.21.43.188", 0, 0, 0, 0, 0),3677
("", "150.124.181.229", 0, 0, 0, 0, 0),567
("", "203.193.121.80", 0, 0, 0, 0, 0),476
("", "203.193.115.144", 0, 0, 0, 0, 0),470
("", "131.98.137.48", 0, 0, 0, 0, 0),294
("", "202.215.83.244", 0, 0, 0, 0, 0),144
Epoch end timestamp,Packets processed this epoch,Total packets processed
1723439579, 1581703, 119217257
Flow key,Count
("", "202.21.43.188", 0, 0, 0, 0, 0),3763
("", "150.124.181.229", 0, 0, 0, 0, 0),520
("", "203.193.121.80", 0, 0, 0, 0, 0),491
("", "203.193.115.144", 0, 0, 0, 0, 0),437
("", "131.98.137.48", 0, 0, 0, 0, 0),273
("", "202.215.83.244", 0, 0, 0, 0, 0),215
Epoch end timestamp,Packets processed this epoch,Total packets processed
1723439589, 1619942, 120837199
Flow key,Count
("", "202.21.43.188", 0, 0, 0, 0, 0),4276
("", "203.193.121.80", 0, 0, 0, 0, 0),539
("", "150.124.181.229", 0, 0, 0, 0, 0),481
("", "203.193.115.144", 0, 0, 0, 0, 0),449
("", "131.98.137.48", 0, 0, 0, 0, 0),276
("", "202.215.83.244", 0, 0, 0, 0, 0),196
Epoch end timestamp,Packets processed this epoch,Total packets processed
1723439599, 1490981, 122328180
Flow key,Count
("", "202.21.43.188", 0, 0, 0, 0, 0),4500
("", "150.124.181.229", 0, 0, 0, 0, 0),508
("", "203.193.121.80", 0, 0, 0, 0, 0),453
("", "203.193.115.144", 0, 0, 0, 0, 0),387
("", "202.215.83.244", 0, 0, 0, 0, 0),239
("", "131.98.137.48", 0, 0, 0, 0, 0),219
Epoch end timestamp,Packets processed this epoch,Total packets processed
1723439609, 1576909, 123905089
Flow key,Count
("", "202.21.43.188", 0, 0, 0, 0, 0),3962
("", "150.124.181.229", 0, 0, 0, 0, 0),525
("", "203.193.121.80", 0, 0, 0, 0, 0),482
("", "203.193.115.144", 0, 0, 0, 0, 0),441
("", "202.215.83.244", 0, 0, 0, 0, 0),228
("", "131.98.137.48", 0, 0, 0, 0, 0),181
Epoch end timestamp,Packets processed this epoch,Total packets processed
1723439619, 1629146, 125534235
Flow key,Count
("", "202.21.43.188", 0, 0, 0, 0, 0),4191
("", "150.124.181.229", 0, 0, 0, 0, 0),435
("", "203.193.121.80", 0, 0, 0, 0, 0),409
("", "203.193.115.144", 0, 0, 0, 0, 0),371
("", "131.98.137.48", 0, 0, 0, 0, 0),286
("", "202.215.83.244", 0, 0, 0, 0, 0),122
Epoch end timestamp,Packets processed this epoch,Total packets processed
1723439629, 1510223, 127044458
Flow key,Count
("", "202.21.43.188", 0, 0, 0, 0, 0),4427
("", "150.124.181.229", 0, 0, 0, 0, 0),547
("", "203.193.121.80", 0, 0, 0, 0, 0),464
("", "203.193.115.144", 0, 0, 0, 0, 0),393
("", "131.98.137.48", 0, 0, 0, 0, 0),291
Epoch end timestamp,Packets processed this epoch,Total packets processed
1723439639, 1545204, 128589662
Flow key,Count
("", "202.21.43.188", 0, 0, 0, 0, 0),3975
("", "150.124.181.229", 0, 0, 0, 0, 0),566
("", "203.193.121.80", 0, 0, 0, 0, 0),428
("", "203.193.115.144", 0, 0, 0, 0, 0),389
("", "131.98.137.48", 0, 0, 0, 0, 0),232
Epoch end timestamp,Packets processed this epoch,Total packets processed
1723439649, 1574644, 130164306
Flow key,Count
("", "202.21.43.188", 0, 0, 0, 0, 0),4031
("", "150.124.181.229", 0, 0, 0, 0, 0),551
("", "203.193.121.80", 0, 0, 0, 0, 0),432
("", "203.193.115.144", 0, 0, 0, 0, 0),367
("", "131.98.137.48", 0, 0, 0, 0, 0),307
Epoch end timestamp,Packets processed this epoch,Total packets processed
1723439659, 1733826, 131898132
Flow key,Count
("", "202.21.43.188", 0, 0, 0, 0, 0),4398
("", "150.124.181.229", 0, 0, 0, 0, 0),584
("", "203.193.121.80", 0, 0, 0, 0, 0),516
("", "203.193.115.144", 0, 0, 0, 0, 0),448
("", "131.98.137.48", 0, 0, 0, 0, 0),257
("", "202.215.83.244", 0, 0, 0, 0, 0),162
Epoch end timestamp,Packets processed this epoch,Total packets processed
1723439669, 1736874, 133635006
Flow key,Count
("", "202.21.43.188", 0, 0, 0, 0, 0),4230
("", "150.124.139.139", 0, 0, 0, 0, 0),1241
("", "203.193.121.80", 0, 0, 0, 0, 0),499
("", "150.124.181.229", 0, 0, 0, 0, 0),478
("", "203.193.115.144", 0, 0, 0, 0, 0),417
("", "131.98.137.48", 0, 0, 0, 0, 0),176
("", "202.215.83.244", 0, 0, 0, 0, 0),147
Epoch end timestamp,Packets processed this epoch,Total packets processed
1723439679, 1577120, 135212126
Flow key,Count
("", "202.21.43.188", 0, 0, 0, 0, 0),4477
("", "203.193.121.80", 0, 0, 0, 0, 0),478
("", "150.124.181.229", 0, 0, 0, 0, 0),464
("", "203.193.115.144", 0, 0, 0, 0, 0),420
("", "131.98.137.48", 0, 0, 0, 0, 0),196
Epoch end timestamp,Packets processed this epoch,Total packets processed
1723439689, 1557687, 136769813
Flow key,Count
("", "202.21.43.188", 0, 0, 0, 0, 0),4097
("", "150.124.181.229", 0, 0, 0, 0, 0),454
("", "203.193.121.80", 0, 0, 0, 0, 0),379
("", "203.193.115.144", 0, 0, 0, 0, 0),299
("", "131.98.137.48", 0, 0, 0, 0, 0),279
("", "202.215.83.244", 0, 0, 0, 0, 0),109
Epoch end timestamp,Packets processed this epoch,Total packets processed
1723439699, 1575639, 138345452
Flow key,Count
("", "202.21.43.188", 0, 0, 0, 0, 0),4213
("", "150.124.181.229", 0, 0, 0, 0, 0),456
("", "203.193.121.80", 0, 0, 0, 0, 0),389
("", "203.193.115.144", 0, 0, 0, 0, 0),357
("", "202.215.83.244", 0, 0, 0, 0, 0),226
("", "131.98.137.48", 0, 0, 0, 0, 0),221
Epoch end timestamp,Packets processed this epoch,Total packets processed
1723439699, 201977, 138547429
Flow key,Count
("", "202.21.43.188", 0, 0, 0, 0, 0),449
Total packets processed,Elapsed time (seconds),Average packets per second,Average packets per epoch,Peak memory usage (KB)
138547429,36.78,3766464.16,1505950.32,21812
